"FIPS.Code","County","Year","Program.Type","Population"
36000,"New",2019,"Postcensal Population Estimate",19453561
36001,"Albany",2019,"Postcensal Population Estimate",305506
36003,"Allegany",2019,"Postcensal Population Estimate",46091
36005,"Bronx",2019,"Postcensal Population Estimate",1418207
36007,"Broome",2019,"Postcensal Population Estimate",190488
36009,"Cattaraugus",2019,"Postcensal Population Estimate",76117
36011,"Cayuga",2019,"Postcensal Population Estimate",76576
36013,"Chautauqua",2019,"Postcensal Population Estimate",126903
36015,"Chemung",2019,"Postcensal Population Estimate",83456
36017,"Chenango",2019,"Postcensal Population Estimate",47207
36019,"Clinton",2019,"Postcensal Population Estimate",80485
36021,"Columbia",2019,"Postcensal Population Estimate",59461
36023,"Cortland",2019,"Postcensal Population Estimate",47581
36025,"Delaware",2019,"Postcensal Population Estimate",44135
36027,"Dutchess",2019,"Postcensal Population Estimate",294218
36029,"Erie",2019,"Postcensal Population Estimate",918702
36031,"Essex",2019,"Postcensal Population Estimate",36885
36033,"Franklin",2019,"Postcensal Population Estimate",50022
36035,"Fulton",2019,"Postcensal Population Estimate",53383
36037,"Genesee",2019,"Postcensal Population Estimate",57280
36039,"Greene",2019,"Postcensal Population Estimate",47188
36041,"Hamilton",2019,"Postcensal Population Estimate",4416
36043,"Herkimer",2019,"Postcensal Population Estimate",61319
36045,"Jefferson",2019,"Postcensal Population Estimate",109834
36047,"Kings",2019,"Postcensal Population Estimate",2559903
36049,"Lewis",2019,"Postcensal Population Estimate",26296
36051,"Livingston",2019,"Postcensal Population Estimate",62914
36053,"Madison",2019,"Postcensal Population Estimate",70941
36055,"Monroe",2019,"Postcensal Population Estimate",741770
36057,"Montgomery",2019,"Postcensal Population Estimate",49221
36059,"Nassau",2019,"Postcensal Population Estimate",1356924
36061,"New",2019,"Postcensal Population Estimate",1628706
36063,"Niagara",2019,"Postcensal Population Estimate",209281
36065,"Oneida",2019,"Postcensal Population Estimate",228671
36067,"Onondaga",2019,"Postcensal Population Estimate",460528
36069,"Ontario",2019,"Postcensal Population Estimate",109777
36071,"Orange",2019,"Postcensal Population Estimate",384940
36073,"Orleans",2019,"Postcensal Population Estimate",40352
36075,"Oswego",2019,"Postcensal Population Estimate",117124
36077,"Otsego",2019,"Postcensal Population Estimate",59493
36079,"Putnam",2019,"Postcensal Population Estimate",98320
36081,"Queens",2019,"Postcensal Population Estimate",2253858
36083,"Rensselaer",2019,"Postcensal Population Estimate",158714
36085,"Richmond",2019,"Postcensal Population Estimate",476143
36087,"Rockland",2019,"Postcensal Population Estimate",325789
36089,"St.",2019,"Postcensal Population Estimate",107740
36091,"Saratoga",2019,"Postcensal Population Estimate",229863
36093,"Schenectady",2019,"Postcensal Population Estimate",155299
36095,"Schoharie",2019,"Postcensal Population Estimate",30999
36097,"Schuyler",2019,"Postcensal Population Estimate",17807
36099,"Seneca",2019,"Postcensal Population Estimate",34016
36101,"Steuben",2019,"Postcensal Population Estimate",95379
36103,"Suffolk",2019,"Postcensal Population Estimate",1476601
36105,"Sullivan",2019,"Postcensal Population Estimate",75432
36107,"Tioga",2019,"Postcensal Population Estimate",48203
36109,"Tompkins",2019,"Postcensal Population Estimate",102180
36111,"Ulster",2019,"Postcensal Population Estimate",177573
36113,"Warren",2019,"Postcensal Population Estimate",63944
36115,"Washington",2019,"Postcensal Population Estimate",61204
36117,"Wayne",2019,"Postcensal Population Estimate",89918
36119,"Westchester",2019,"Postcensal Population Estimate",967506
36121,"Wyoming",2019,"Postcensal Population Estimate",39859
36123,"Yates",2019,"Postcensal Population Estimate",24913
36000,"New",2018,"Postcensal Population Estimate",19530351
36001,"Albany",2018,"Postcensal Population Estimate",306585
36003,"Allegany",2018,"Postcensal Population Estimate",46332
36005,"Bronx",2018,"Postcensal Population Estimate",1432087
36007,"Broome",2018,"Postcensal Population Estimate",191925
36009,"Cattaraugus",2018,"Postcensal Population Estimate",76726
36011,"Cayuga",2018,"Postcensal Population Estimate",77121
36013,"Chautauqua",2018,"Postcensal Population Estimate",127472
36015,"Chemung",2018,"Postcensal Population Estimate",83935
36017,"Chenango",2018,"Postcensal Population Estimate",47445
36019,"Clinton",2018,"Postcensal Population Estimate",80679
36021,"Columbia",2018,"Postcensal Population Estimate",59785
36023,"Cortland",2018,"Postcensal Population Estimate",47722
36025,"Delaware",2018,"Postcensal Population Estimate",44526
36027,"Dutchess",2018,"Postcensal Population Estimate",293939
36029,"Erie",2018,"Postcensal Population Estimate",919717
36031,"Essex",2018,"Postcensal Population Estimate",37288
36033,"Franklin",2018,"Postcensal Population Estimate",50279
36035,"Fulton",2018,"Postcensal Population Estimate",53633
36037,"Genesee",2018,"Postcensal Population Estimate",57487
36039,"Greene",2018,"Postcensal Population Estimate",47381
36041,"Hamilton",2018,"Postcensal Population Estimate",4432
36043,"Herkimer",2018,"Postcensal Population Estimate",61713
36045,"Jefferson",2018,"Postcensal Population Estimate",111866
36047,"Kings",2018,"Postcensal Population Estimate",2578074
36049,"Lewis",2018,"Postcensal Population Estimate",26486
36051,"Livingston",2018,"Postcensal Population Estimate",63213
36053,"Madison",2018,"Postcensal Population Estimate",71117
36055,"Monroe",2018,"Postcensal Population Estimate",742864
36057,"Montgomery",2018,"Postcensal Population Estimate",49394
36059,"Nassau",2018,"Postcensal Population Estimate",1357534
36061,"New",2018,"Postcensal Population Estimate",1629055
36063,"Niagara",2018,"Postcensal Population Estimate",210060
36065,"Oneida",2018,"Postcensal Population Estimate",229474
36067,"Onondaga",2018,"Postcensal Population Estimate",461649
36069,"Ontario",2018,"Postcensal Population Estimate",109738
36071,"Orange",2018,"Postcensal Population Estimate",382126
36073,"Orleans",2018,"Postcensal Population Estimate",40655
36075,"Oswego",2018,"Postcensal Population Estimate",117515
36077,"Otsego",2018,"Postcensal Population Estimate",59810
36079,"Putnam",2018,"Postcensal Population Estimate",98814
36081,"Queens",2018,"Postcensal Population Estimate",2274605
36083,"Rensselaer",2018,"Postcensal Population Estimate",159283
36085,"Richmond",2018,"Postcensal Population Estimate",476260
36087,"Rockland",2018,"Postcensal Population Estimate",325522
36089,"St.",2018,"Postcensal Population Estimate",108327
36091,"Saratoga",2018,"Postcensal Population Estimate",230170
36093,"Schenectady",2018,"Postcensal Population Estimate",155079
36095,"Schoharie",2018,"Postcensal Population Estimate",31146
36097,"Schuyler",2018,"Postcensal Population Estimate",17884
36099,"Seneca",2018,"Postcensal Population Estimate",34179
36101,"Steuben",2018,"Postcensal Population Estimate",95860
36103,"Suffolk",2018,"Postcensal Population Estimate",1480830
36105,"Sullivan",2018,"Postcensal Population Estimate",75399
36107,"Tioga",2018,"Postcensal Population Estimate",48441
36109,"Tompkins",2018,"Postcensal Population Estimate",102419
36111,"Ulster",2018,"Postcensal Population Estimate",178418
36113,"Warren",2018,"Postcensal Population Estimate",64215
36115,"Washington",2018,"Postcensal Population Estimate",61274
36117,"Wayne",2018,"Postcensal Population Estimate",90200
36119,"Westchester",2018,"Postcensal Population Estimate",968213
36121,"Wyoming",2018,"Postcensal Population Estimate",40023
36123,"Yates",2018,"Postcensal Population Estimate",24951
36000,"New",2017,"Postcensal Population Estimate",19589572
36001,"Albany",2017,"Postcensal Population Estimate",307717
36003,"Allegany",2017,"Postcensal Population Estimate",46639
36005,"Bronx",2017,"Postcensal Population Estimate",1440625
36007,"Broome",2017,"Postcensal Population Estimate",193100
36009,"Cattaraugus",2017,"Postcensal Population Estimate",77176
36011,"Cayuga",2017,"Postcensal Population Estimate",77457
36013,"Chautauqua",2017,"Postcensal Population Estimate",128372
36015,"Chemung",2017,"Postcensal Population Estimate",84736
36017,"Chenango",2017,"Postcensal Population Estimate",47805
36019,"Clinton",2017,"Postcensal Population Estimate",80531
36021,"Columbia",2017,"Postcensal Population Estimate",60338
36023,"Cortland",2017,"Postcensal Population Estimate",47815
36025,"Delaware",2017,"Postcensal Population Estimate",45028
36027,"Dutchess",2017,"Postcensal Population Estimate",293545
36029,"Erie",2017,"Postcensal Population Estimate",919034
36031,"Essex",2017,"Postcensal Population Estimate",37487
36033,"Franklin",2017,"Postcensal Population Estimate",50465
36035,"Fulton",2017,"Postcensal Population Estimate",53802
36037,"Genesee",2017,"Postcensal Population Estimate",57798
36039,"Greene",2017,"Postcensal Population Estimate",47442
36041,"Hamilton",2017,"Postcensal Population Estimate",4471
36043,"Herkimer",2017,"Postcensal Population Estimate",62163
36045,"Jefferson",2017,"Postcensal Population Estimate",113157
36047,"Kings",2017,"Postcensal Population Estimate",2594676
36049,"Lewis",2017,"Postcensal Population Estimate",26605
36051,"Livingston",2017,"Postcensal Population Estimate",63483
36053,"Madison",2017,"Postcensal Population Estimate",70942
36055,"Monroe",2017,"Postcensal Population Estimate",742724
36057,"Montgomery",2017,"Postcensal Population Estimate",49163
36059,"Nassau",2017,"Postcensal Population Estimate",1357293
36061,"New",2017,"Postcensal Population Estimate",1630698
36063,"Niagara",2017,"Postcensal Population Estimate",210848
36065,"Oneida",2017,"Postcensal Population Estimate",230011
36067,"Onondaga",2017,"Postcensal Population Estimate",461795
36069,"Ontario",2017,"Postcensal Population Estimate",109538
36071,"Orange",2017,"Postcensal Population Estimate",379758
36073,"Orleans",2017,"Postcensal Population Estimate",40786
36075,"Oswego",2017,"Postcensal Population Estimate",118427
36077,"Otsego",2017,"Postcensal Population Estimate",59920
36079,"Putnam",2017,"Postcensal Population Estimate",98856
36081,"Queens",2017,"Postcensal Population Estimate",2295808
36083,"Rensselaer",2017,"Postcensal Population Estimate",159200
36085,"Richmond",2017,"Postcensal Population Estimate",475671
36087,"Rockland",2017,"Postcensal Population Estimate",324622
36089,"St.",2017,"Postcensal Population Estimate",108699
36091,"Saratoga",2017,"Postcensal Population Estimate",229276
36093,"Schenectady",2017,"Postcensal Population Estimate",154710
36095,"Schoharie",2017,"Postcensal Population Estimate",31255
36097,"Schuyler",2017,"Postcensal Population Estimate",17913
36099,"Seneca",2017,"Postcensal Population Estimate",34246
36101,"Steuben",2017,"Postcensal Population Estimate",96360
36103,"Suffolk",2017,"Postcensal Population Estimate",1483358
36105,"Sullivan",2017,"Postcensal Population Estimate",74994
36107,"Tioga",2017,"Postcensal Population Estimate",48609
36109,"Tompkins",2017,"Postcensal Population Estimate",102664
36111,"Ulster",2017,"Postcensal Population Estimate",178635
36113,"Warren",2017,"Postcensal Population Estimate",64365
36115,"Washington",2017,"Postcensal Population Estimate",61559
36117,"Wayne",2017,"Postcensal Population Estimate",90429
36119,"Westchester",2017,"Postcensal Population Estimate",969689
36121,"Wyoming",2017,"Postcensal Population Estimate",40282
36123,"Yates",2017,"Postcensal Population Estimate",25002
36000,"New",2016,"Postcensal Population Estimate",19633428
36001,"Albany",2016,"Postcensal Population Estimate",307597
36003,"Allegany",2016,"Postcensal Population Estimate",47044
36005,"Bronx",2016,"Postcensal Population Estimate",1444417
36007,"Broome",2016,"Postcensal Population Estimate",194498
36009,"Cattaraugus",2016,"Postcensal Population Estimate",77658
36011,"Cayuga",2016,"Postcensal Population Estimate",77674
36013,"Chautauqua",2016,"Postcensal Population Estimate",129206
36015,"Chemung",2016,"Postcensal Population Estimate",85644
36017,"Chenango",2016,"Postcensal Population Estimate",48315
36019,"Clinton",2016,"Postcensal Population Estimate",80500
36021,"Columbia",2016,"Postcensal Population Estimate",60835
36023,"Cortland",2016,"Postcensal Population Estimate",47915
36025,"Delaware",2016,"Postcensal Population Estimate",45393
36027,"Dutchess",2016,"Postcensal Population Estimate",293029
36029,"Erie",2016,"Postcensal Population Estimate",918678
36031,"Essex",2016,"Postcensal Population Estimate",37671
36033,"Franklin",2016,"Postcensal Population Estimate",51081
36035,"Fulton",2016,"Postcensal Population Estimate",53610
36037,"Genesee",2016,"Postcensal Population Estimate",58013
36039,"Greene",2016,"Postcensal Population Estimate",47494
36041,"Hamilton",2016,"Postcensal Population Estimate",4556
36043,"Herkimer",2016,"Postcensal Population Estimate",62436
36045,"Jefferson",2016,"Postcensal Population Estimate",112980
36047,"Kings",2016,"Postcensal Population Estimate",2608423
36049,"Lewis",2016,"Postcensal Population Estimate",26647
36051,"Livingston",2016,"Postcensal Population Estimate",64000
36053,"Madison",2016,"Postcensal Population Estimate",71387
36055,"Monroe",2016,"Postcensal Population Estimate",743770
36057,"Montgomery",2016,"Postcensal Population Estimate",49169
36059,"Nassau",2016,"Postcensal Population Estimate",1355952
36061,"New",2016,"Postcensal Population Estimate",1635443
36063,"Niagara",2016,"Postcensal Population Estimate",211554
36065,"Oneida",2016,"Postcensal Population Estimate",230375
36067,"Onondaga",2016,"Postcensal Population Estimate",464109
36069,"Ontario",2016,"Postcensal Population Estimate",109229
36071,"Orange",2016,"Postcensal Population Estimate",377799
36073,"Orleans",2016,"Postcensal Population Estimate",41247
36075,"Oswego",2016,"Postcensal Population Estimate",118895
36077,"Otsego",2016,"Postcensal Population Estimate",60132
36079,"Putnam",2016,"Postcensal Population Estimate",98761
36081,"Queens",2016,"Postcensal Population Estimate",2306830
36083,"Rensselaer",2016,"Postcensal Population Estimate",159294
36085,"Richmond",2016,"Postcensal Population Estimate",474040
36087,"Rockland",2016,"Postcensal Population Estimate",323258
36089,"St.",2016,"Postcensal Population Estimate",109449
36091,"Saratoga",2016,"Postcensal Population Estimate",227122
36093,"Schenectady",2016,"Postcensal Population Estimate",154475
36095,"Schoharie",2016,"Postcensal Population Estimate",31304
36097,"Schuyler",2016,"Postcensal Population Estimate",17967
36099,"Seneca",2016,"Postcensal Population Estimate",34710
36101,"Steuben",2016,"Postcensal Population Estimate",96958
36103,"Suffolk",2016,"Postcensal Population Estimate",1486406
36105,"Sullivan",2016,"Postcensal Population Estimate",74922
36107,"Tioga",2016,"Postcensal Population Estimate",48824
36109,"Tompkins",2016,"Postcensal Population Estimate",102942
36111,"Ulster",2016,"Postcensal Population Estimate",179042
36113,"Warren",2016,"Postcensal Population Estimate",64438
36115,"Washington",2016,"Postcensal Population Estimate",61795
36117,"Wayne",2016,"Postcensal Population Estimate",90758
36119,"Westchester",2016,"Postcensal Population Estimate",970267
36121,"Wyoming",2016,"Postcensal Population Estimate",40432
36123,"Yates",2016,"Postcensal Population Estimate",25059
36000,"New",2015,"Postcensal Population Estimate",19654666
36001,"Albany",2015,"Postcensal Population Estimate",307433
36003,"Allegany",2015,"Postcensal Population Estimate",47334
36005,"Bronx",2015,"Postcensal Population Estimate",1440005
36007,"Broome",2015,"Postcensal Population Estimate",195928
36009,"Cattaraugus",2015,"Postcensal Population Estimate",77926
36011,"Cayuga",2015,"Postcensal Population Estimate",78298
36013,"Chautauqua",2015,"Postcensal Population Estimate",130529
36015,"Chemung",2015,"Postcensal Population Estimate",86705
36017,"Chenango",2015,"Postcensal Population Estimate",48772
36019,"Clinton",2015,"Postcensal Population Estimate",80718
36021,"Columbia",2015,"Postcensal Population Estimate",61434
36023,"Cortland",2015,"Postcensal Population Estimate",48290
36025,"Delaware",2015,"Postcensal Population Estimate",45891
36027,"Dutchess",2015,"Postcensal Population Estimate",294039
36029,"Erie",2015,"Postcensal Population Estimate",920644
36031,"Essex",2015,"Postcensal Population Estimate",37965
36033,"Franklin",2015,"Postcensal Population Estimate",50540
36035,"Fulton",2015,"Postcensal Population Estimate",53801
36037,"Genesee",2015,"Postcensal Population Estimate",58462
36039,"Greene",2015,"Postcensal Population Estimate",47616
36041,"Hamilton",2015,"Postcensal Population Estimate",4699
36043,"Herkimer",2015,"Postcensal Population Estimate",62652
36045,"Jefferson",2015,"Postcensal Population Estimate",116371
36047,"Kings",2015,"Postcensal Population Estimate",2608794
36049,"Lewis",2015,"Postcensal Population Estimate",26827
36051,"Livingston",2015,"Postcensal Population Estimate",64344
36053,"Madison",2015,"Postcensal Population Estimate",71636
36055,"Monroe",2015,"Postcensal Population Estimate",745577
36057,"Montgomery",2015,"Postcensal Population Estimate",49564
36059,"Nassau",2015,"Postcensal Population Estimate",1354840
36061,"New",2015,"Postcensal Population Estimate",1636063
36063,"Niagara",2015,"Postcensal Population Estimate",212358
36065,"Oneida",2015,"Postcensal Population Estimate",231264
36067,"Onondaga",2015,"Postcensal Population Estimate",466277
36069,"Ontario",2015,"Postcensal Population Estimate",109271
36071,"Orange",2015,"Postcensal Population Estimate",375803
36073,"Orleans",2015,"Postcensal Population Estimate",41481
36075,"Oswego",2015,"Postcensal Population Estimate",119735
36077,"Otsego",2015,"Postcensal Population Estimate",60504
36079,"Putnam",2015,"Postcensal Population Estimate",99185
36081,"Queens",2015,"Postcensal Population Estimate",2305838
36083,"Rensselaer",2015,"Postcensal Population Estimate",159436
36085,"Richmond",2015,"Postcensal Population Estimate",472349
36087,"Rockland",2015,"Postcensal Population Estimate",322919
36089,"St.",2015,"Postcensal Population Estimate",110348
36091,"Saratoga",2015,"Postcensal Population Estimate",226078
36093,"Schenectady",2015,"Postcensal Population Estimate",154733
36095,"Schoharie",2015,"Postcensal Population Estimate",31405
36097,"Schuyler",2015,"Postcensal Population Estimate",18027
36099,"Seneca",2015,"Postcensal Population Estimate",34801
36101,"Steuben",2015,"Postcensal Population Estimate",97551
36103,"Suffolk",2015,"Postcensal Population Estimate",1491967
36105,"Sullivan",2015,"Postcensal Population Estimate",74832
36107,"Tioga",2015,"Postcensal Population Estimate",49355
36109,"Tompkins",2015,"Postcensal Population Estimate",103006
36111,"Ulster",2015,"Postcensal Population Estimate",179658
36113,"Warren",2015,"Postcensal Population Estimate",64420
36115,"Washington",2015,"Postcensal Population Estimate",62246
36117,"Wayne",2015,"Postcensal Population Estimate",91291
36119,"Westchester",2015,"Postcensal Population Estimate",968773
36121,"Wyoming",2015,"Postcensal Population Estimate",40930
36123,"Yates",2015,"Postcensal Population Estimate",25128
36000,"New",2014,"Postcensal Population Estimate",19651049
36001,"Albany",2014,"Postcensal Population Estimate",307151
36003,"Allegany",2014,"Postcensal Population Estimate",47652
36005,"Bronx",2014,"Postcensal Population Estimate",1430942
36007,"Broome",2014,"Postcensal Population Estimate",197251
36009,"Cattaraugus",2014,"Postcensal Population Estimate",78677
36011,"Cayuga",2014,"Postcensal Population Estimate",78762
36013,"Chautauqua",2014,"Postcensal Population Estimate",131751
36015,"Chemung",2014,"Postcensal Population Estimate",87177
36017,"Chenango",2014,"Postcensal Population Estimate",49319
36019,"Clinton",2014,"Postcensal Population Estimate",81463
36021,"Columbia",2014,"Postcensal Population Estimate",61942
36023,"Cortland",2014,"Postcensal Population Estimate",48740
36025,"Delaware",2014,"Postcensal Population Estimate",46562
36027,"Dutchess",2014,"Postcensal Population Estimate",295127
36029,"Erie",2014,"Postcensal Population Estimate",921755
36031,"Essex",2014,"Postcensal Population Estimate",38323
36033,"Franklin",2014,"Postcensal Population Estimate",51096
36035,"Fulton",2014,"Postcensal Population Estimate",53932
36037,"Genesee",2014,"Postcensal Population Estimate",58725
36039,"Greene",2014,"Postcensal Population Estimate",47964
36041,"Hamilton",2014,"Postcensal Population Estimate",4700
36043,"Herkimer",2014,"Postcensal Population Estimate",63384
36045,"Jefferson",2014,"Postcensal Population Estimate",117971
36047,"Kings",2014,"Postcensal Population Estimate",2601513
36049,"Lewis",2014,"Postcensal Population Estimate",27089
36051,"Livingston",2014,"Postcensal Population Estimate",64585
36053,"Madison",2014,"Postcensal Population Estimate",72210
36055,"Monroe",2014,"Postcensal Population Estimate",747364
36057,"Montgomery",2014,"Postcensal Population Estimate",49679
36059,"Nassau",2014,"Postcensal Population Estimate",1354705
36061,"New",2014,"Postcensal Population Estimate",1630678
36063,"Niagara",2014,"Postcensal Population Estimate",213305
36065,"Oneida",2014,"Postcensal Population Estimate",232598
36067,"Onondaga",2014,"Postcensal Population Estimate",467285
36069,"Ontario",2014,"Postcensal Population Estimate",109334
36071,"Orange",2014,"Postcensal Population Estimate",374845
36073,"Orleans",2014,"Postcensal Population Estimate",41861
36075,"Oswego",2014,"Postcensal Population Estimate",120590
36077,"Otsego",2014,"Postcensal Population Estimate",60950
36079,"Putnam",2014,"Postcensal Population Estimate",99438
36081,"Queens",2014,"Postcensal Population Estimate",2298736
36083,"Rensselaer",2014,"Postcensal Population Estimate",159666
36085,"Richmond",2014,"Postcensal Population Estimate",471937
36087,"Rockland",2014,"Postcensal Population Estimate",321119
36089,"St.",2014,"Postcensal Population Estimate",111437
36091,"Saratoga",2014,"Postcensal Population Estimate",224513
36093,"Schenectady",2014,"Postcensal Population Estimate",155016
36095,"Schoharie",2014,"Postcensal Population Estimate",31767
36097,"Schuyler",2014,"Postcensal Population Estimate",18176
36099,"Seneca",2014,"Postcensal Population Estimate",34879
36101,"Steuben",2014,"Postcensal Population Estimate",98165
36103,"Suffolk",2014,"Postcensal Population Estimate",1495525
36105,"Sullivan",2014,"Postcensal Population Estimate",75634
36107,"Tioga",2014,"Postcensal Population Estimate",49824
36109,"Tompkins",2014,"Postcensal Population Estimate",103391
36111,"Ulster",2014,"Postcensal Population Estimate",180400
36113,"Warren",2014,"Postcensal Population Estimate",64866
36115,"Washington",2014,"Postcensal Population Estimate",62475
36117,"Wayne",2014,"Postcensal Population Estimate",91801
36119,"Westchester",2014,"Postcensal Population Estimate",967044
36121,"Wyoming",2014,"Postcensal Population Estimate",41134
36123,"Yates",2014,"Postcensal Population Estimate",25149
36000,"New",2013,"Postcensal Population Estimate",19624447
36001,"Albany",2013,"Postcensal Population Estimate",306589
36003,"Allegany",2013,"Postcensal Population Estimate",47900
36005,"Bronx",2013,"Postcensal Population Estimate",1421928
36007,"Broome",2013,"Postcensal Population Estimate",197914
36009,"Cattaraugus",2013,"Postcensal Population Estimate",78996
36011,"Cayuga",2013,"Postcensal Population Estimate",79088
36013,"Chautauqua",2013,"Postcensal Population Estimate",132852
36015,"Chemung",2013,"Postcensal Population Estimate",88199
36017,"Chenango",2013,"Postcensal Population Estimate",49477
36019,"Clinton",2013,"Postcensal Population Estimate",81523
36021,"Columbia",2013,"Postcensal Population Estimate",62170
36023,"Cortland",2013,"Postcensal Population Estimate",48905
36025,"Delaware",2013,"Postcensal Population Estimate",46803
36027,"Dutchess",2013,"Postcensal Population Estimate",296268
36029,"Erie",2013,"Postcensal Population Estimate",920869
36031,"Essex",2013,"Postcensal Population Estimate",38601
36033,"Franklin",2013,"Postcensal Population Estimate",51212
36035,"Fulton",2013,"Postcensal Population Estimate",54345
36037,"Genesee",2013,"Postcensal Population Estimate",59112
36039,"Greene",2013,"Postcensal Population Estimate",48308
36041,"Hamilton",2013,"Postcensal Population Estimate",4766
36043,"Herkimer",2013,"Postcensal Population Estimate",63883
36045,"Jefferson",2013,"Postcensal Population Estimate",118490
36047,"Kings",2013,"Postcensal Population Estimate",2587684
36049,"Lewis",2013,"Postcensal Population Estimate",27098
36051,"Livingston",2013,"Postcensal Population Estimate",64627
36053,"Madison",2013,"Postcensal Population Estimate",72457
36055,"Monroe",2013,"Postcensal Population Estimate",748290
36057,"Montgomery",2013,"Postcensal Population Estimate",49743
36059,"Nassau",2013,"Postcensal Population Estimate",1352193
36061,"New",2013,"Postcensal Population Estimate",1627491
36063,"Niagara",2013,"Postcensal Population Estimate",214105
36065,"Oneida",2013,"Postcensal Population Estimate",233347
36067,"Onondaga",2013,"Postcensal Population Estimate",468146
36069,"Ontario",2013,"Postcensal Population Estimate",109044
36071,"Orange",2013,"Postcensal Population Estimate",374320
36073,"Orleans",2013,"Postcensal Population Estimate",42229
36075,"Oswego",2013,"Postcensal Population Estimate",121170
36077,"Otsego",2013,"Postcensal Population Estimate",61614
36079,"Putnam",2013,"Postcensal Population Estimate",99572
36081,"Queens",2013,"Postcensal Population Estimate",2287185
36083,"Rensselaer",2013,"Postcensal Population Estimate",159545
36085,"Richmond",2013,"Postcensal Population Estimate",471803
36087,"Rockland",2013,"Postcensal Population Estimate",319284
36089,"St.",2013,"Postcensal Population Estimate",111931
36091,"Saratoga",2013,"Postcensal Population Estimate",224087
36093,"Schenectady",2013,"Postcensal Population Estimate",154944
36095,"Schoharie",2013,"Postcensal Population Estimate",31900
36097,"Schuyler",2013,"Postcensal Population Estimate",18382
36099,"Seneca",2013,"Postcensal Population Estimate",35250
36101,"Steuben",2013,"Postcensal Population Estimate",98843
36103,"Suffolk",2013,"Postcensal Population Estimate",1497346
36105,"Sullivan",2013,"Postcensal Population Estimate",76945
36107,"Tioga",2013,"Postcensal Population Estimate",50103
36109,"Tompkins",2013,"Postcensal Population Estimate",103553
36111,"Ulster",2013,"Postcensal Population Estimate",180698
36113,"Warren",2013,"Postcensal Population Estimate",65083
36115,"Washington",2013,"Postcensal Population Estimate",62765
36117,"Wayne",2013,"Postcensal Population Estimate",92339
36119,"Westchester",2013,"Postcensal Population Estimate",964567
36121,"Wyoming",2013,"Postcensal Population Estimate",41359
36123,"Yates",2013,"Postcensal Population Estimate",25207
36000,"New",2012,"Postcensal Population Estimate",19572932
36001,"Albany",2012,"Postcensal Population Estimate",305723
36003,"Allegany",2012,"Postcensal Population Estimate",48210
36005,"Bronx",2012,"Postcensal Population Estimate",1411496
36007,"Broome",2012,"Postcensal Population Estimate",198667
36009,"Cattaraugus",2012,"Postcensal Population Estimate",79348
36011,"Cayuga",2012,"Postcensal Population Estimate",79505
36013,"Chautauqua",2012,"Postcensal Population Estimate",133304
36015,"Chemung",2012,"Postcensal Population Estimate",89137
36017,"Chenango",2012,"Postcensal Population Estimate",49883
36019,"Clinton",2012,"Postcensal Population Estimate",81714
36021,"Columbia",2012,"Postcensal Population Estimate",62449
36023,"Cortland",2012,"Postcensal Population Estimate",49023
36025,"Delaware",2012,"Postcensal Population Estimate",47215
36027,"Dutchess",2012,"Postcensal Population Estimate",297023
36029,"Erie",2012,"Postcensal Population Estimate",919906
36031,"Essex",2012,"Postcensal Population Estimate",38875
36033,"Franklin",2012,"Postcensal Population Estimate",51791
36035,"Fulton",2012,"Postcensal Population Estimate",54845
36037,"Genesee",2012,"Postcensal Population Estimate",59672
36039,"Greene",2012,"Postcensal Population Estimate",48587
36041,"Hamilton",2012,"Postcensal Population Estimate",4803
36043,"Herkimer",2012,"Postcensal Population Estimate",64227
36045,"Jefferson",2012,"Postcensal Population Estimate",120235
36047,"Kings",2012,"Postcensal Population Estimate",2568450
36049,"Lewis",2012,"Postcensal Population Estimate",27196
36051,"Livingston",2012,"Postcensal Population Estimate",64796
36053,"Madison",2012,"Postcensal Population Estimate",72414
36055,"Monroe",2012,"Postcensal Population Estimate",747344
36057,"Montgomery",2012,"Postcensal Population Estimate",49829
36059,"Nassau",2012,"Postcensal Population Estimate",1349616
36061,"New",2012,"Postcensal Population Estimate",1623911
36063,"Niagara",2012,"Postcensal Population Estimate",214713
36065,"Oneida",2012,"Postcensal Population Estimate",233765
36067,"Onondaga",2012,"Postcensal Population Estimate",467030
36069,"Ontario",2012,"Postcensal Population Estimate",108611
36071,"Orange",2012,"Postcensal Population Estimate",373699
36073,"Orleans",2012,"Postcensal Population Estimate",42391
36075,"Oswego",2012,"Postcensal Population Estimate",121458
36077,"Otsego",2012,"Postcensal Population Estimate",61747
36079,"Putnam",2012,"Postcensal Population Estimate",99625
36081,"Queens",2012,"Postcensal Population Estimate",2272222
36083,"Rensselaer",2012,"Postcensal Population Estimate",159437
36085,"Richmond",2012,"Postcensal Population Estimate",470614
36087,"Rockland",2012,"Postcensal Population Estimate",317196
36089,"St.",2012,"Postcensal Population Estimate",112355
36091,"Saratoga",2012,"Postcensal Population Estimate",222483
36093,"Schenectady",2012,"Postcensal Population Estimate",155016
36095,"Schoharie",2012,"Postcensal Population Estimate",32039
36097,"Schuyler",2012,"Postcensal Population Estimate",18498
36099,"Seneca",2012,"Postcensal Population Estimate",35388
36101,"Steuben",2012,"Postcensal Population Estimate",98925
36103,"Suffolk",2012,"Postcensal Population Estimate",1496982
36105,"Sullivan",2012,"Postcensal Population Estimate",76931
36107,"Tioga",2012,"Postcensal Population Estimate",50278
36109,"Tompkins",2012,"Postcensal Population Estimate",102726
36111,"Ulster",2012,"Postcensal Population Estimate",181538
36113,"Warren",2012,"Postcensal Population Estimate",65417
36115,"Washington",2012,"Postcensal Population Estimate",63003
36117,"Wayne",2012,"Postcensal Population Estimate",93029
36119,"Westchester",2012,"Postcensal Population Estimate",959585
36121,"Wyoming",2012,"Postcensal Population Estimate",41700
36123,"Yates",2012,"Postcensal Population Estimate",25337
36000,"New",2011,"Postcensal Population Estimate",19499241
36001,"Albany",2011,"Postcensal Population Estimate",304596
36003,"Allegany",2011,"Postcensal Population Estimate",48800
36005,"Bronx",2011,"Postcensal Population Estimate",1397335
36007,"Broome",2011,"Postcensal Population Estimate",199363
36009,"Cattaraugus",2011,"Postcensal Population Estimate",79815
36011,"Cayuga",2011,"Postcensal Population Estimate",79693
36013,"Chautauqua",2011,"Postcensal Population Estimate",134209
36015,"Chemung",2011,"Postcensal Population Estimate",88899
36017,"Chenango",2011,"Postcensal Population Estimate",50182
36019,"Clinton",2011,"Postcensal Population Estimate",81728
36021,"Columbia",2011,"Postcensal Population Estimate",62528
36023,"Cortland",2011,"Postcensal Population Estimate",49380
36025,"Delaware",2011,"Postcensal Population Estimate",47584
36027,"Dutchess",2011,"Postcensal Population Estimate",298133
36029,"Erie",2011,"Postcensal Population Estimate",919843
36031,"Essex",2011,"Postcensal Population Estimate",39271
36033,"Franklin",2011,"Postcensal Population Estimate",51545
36035,"Fulton",2011,"Postcensal Population Estimate",55112
36037,"Genesee",2011,"Postcensal Population Estimate",59880
36039,"Greene",2011,"Postcensal Population Estimate",48857
36041,"Hamilton",2011,"Postcensal Population Estimate",4826
36043,"Herkimer",2011,"Postcensal Population Estimate",64386
36045,"Jefferson",2011,"Postcensal Population Estimate",117752
36047,"Kings",2011,"Postcensal Population Estimate",2540817
36049,"Lewis",2011,"Postcensal Population Estimate",27027
36051,"Livingston",2011,"Postcensal Population Estimate",64849
36053,"Madison",2011,"Postcensal Population Estimate",72887
36055,"Monroe",2011,"Postcensal Population Estimate",746751
36057,"Montgomery",2011,"Postcensal Population Estimate",49911
36059,"Nassau",2011,"Postcensal Population Estimate",1346223
36061,"New",2011,"Postcensal Population Estimate",1608293
36063,"Niagara",2011,"Postcensal Population Estimate",215719
36065,"Oneida",2011,"Postcensal Population Estimate",234218
36067,"Onondaga",2011,"Postcensal Population Estimate",467614
36069,"Ontario",2011,"Postcensal Population Estimate",108599
36071,"Orange",2011,"Postcensal Population Estimate",374097
36073,"Orleans",2011,"Postcensal Population Estimate",42648
36075,"Oswego",2011,"Postcensal Population Estimate",121981
36077,"Otsego",2011,"Postcensal Population Estimate",61971
36079,"Putnam",2011,"Postcensal Population Estimate",99827
36081,"Queens",2011,"Postcensal Population Estimate",2255482
36083,"Rensselaer",2011,"Postcensal Population Estimate",159589
36085,"Richmond",2011,"Postcensal Population Estimate",471021
36087,"Rockland",2011,"Postcensal Population Estimate",315452
36089,"St.",2011,"Postcensal Population Estimate",112277
36091,"Saratoga",2011,"Postcensal Population Estimate",221111
36093,"Schenectady",2011,"Postcensal Population Estimate",154864
36095,"Schoharie",2011,"Postcensal Population Estimate",32618
36097,"Schuyler",2011,"Postcensal Population Estimate",18413
36099,"Seneca",2011,"Postcensal Population Estimate",35380
36101,"Steuben",2011,"Postcensal Population Estimate",99148
36103,"Suffolk",2011,"Postcensal Population Estimate",1498892
36105,"Sullivan",2011,"Postcensal Population Estimate",77053
36107,"Tioga",2011,"Postcensal Population Estimate",50875
36109,"Tompkins",2011,"Postcensal Population Estimate",101821
36111,"Ulster",2011,"Postcensal Population Estimate",182448
36113,"Warren",2011,"Postcensal Population Estimate",65736
36115,"Washington",2011,"Postcensal Population Estimate",63091
36117,"Wayne",2011,"Postcensal Population Estimate",93256
36119,"Westchester",2011,"Postcensal Population Estimate",956262
36121,"Wyoming",2011,"Postcensal Population Estimate",41849
36123,"Yates",2011,"Postcensal Population Estimate",25454
36000,"New",2010,"Postcensal Population Estimate",19399878
36001,"Albany",2010,"Postcensal Population Estimate",304086
36003,"Allegany",2010,"Postcensal Population Estimate",48971
36005,"Bronx",2010,"Postcensal Population Estimate",1387298
36007,"Broome",2010,"Postcensal Population Estimate",200481
36009,"Cattaraugus",2010,"Postcensal Population Estimate",80218
36011,"Cayuga",2010,"Postcensal Population Estimate",79895
36013,"Chautauqua",2010,"Postcensal Population Estimate",134725
36015,"Chemung",2010,"Postcensal Population Estimate",88895
36017,"Chenango",2010,"Postcensal Population Estimate",50399
36019,"Clinton",2010,"Postcensal Population Estimate",82096
36021,"Columbia",2010,"Postcensal Population Estimate",63036
36023,"Cortland",2010,"Postcensal Population Estimate",49279
36025,"Delaware",2010,"Postcensal Population Estimate",47888
36027,"Dutchess",2010,"Postcensal Population Estimate",297728
36029,"Erie",2010,"Postcensal Population Estimate",919152
36031,"Essex",2010,"Postcensal Population Estimate",39360
36033,"Franklin",2010,"Postcensal Population Estimate",51645
36035,"Fulton",2010,"Postcensal Population Estimate",55455
36037,"Genesee",2010,"Postcensal Population Estimate",59928
36039,"Greene",2010,"Postcensal Population Estimate",49139
36041,"Hamilton",2010,"Postcensal Population Estimate",4851
36043,"Herkimer",2010,"Postcensal Population Estimate",64470
36045,"Jefferson",2010,"Postcensal Population Estimate",116592
36047,"Kings",2010,"Postcensal Population Estimate",2509828
36049,"Lewis",2010,"Postcensal Population Estimate",27077
36051,"Livingston",2010,"Postcensal Population Estimate",65240
36053,"Madison",2010,"Postcensal Population Estimate",73440
36055,"Monroe",2010,"Postcensal Population Estimate",744580
36057,"Montgomery",2010,"Postcensal Population Estimate",50307
36059,"Nassau",2010,"Postcensal Population Estimate",1341669
36061,"New",2010,"Postcensal Population Estimate",1588767
36063,"Niagara",2010,"Postcensal Population Estimate",216475
36065,"Oneida",2010,"Postcensal Population Estimate",234756
36067,"Onondaga",2010,"Postcensal Population Estimate",467533
36069,"Ontario",2010,"Postcensal Population Estimate",108176
36071,"Orange",2010,"Postcensal Population Estimate",373445
36073,"Orleans",2010,"Postcensal Population Estimate",42851
36075,"Oswego",2010,"Postcensal Population Estimate",122137
36077,"Otsego",2010,"Postcensal Population Estimate",62259
36079,"Putnam",2010,"Postcensal Population Estimate",99667
36081,"Queens",2010,"Postcensal Population Estimate",2234701
36083,"Rensselaer",2010,"Postcensal Population Estimate",159340
36085,"Richmond",2010,"Postcensal Population Estimate",469615
36087,"Rockland",2010,"Postcensal Population Estimate",312499
36089,"St.",2010,"Postcensal Population Estimate",111812
36091,"Saratoga",2010,"Postcensal Population Estimate",220109
36093,"Schenectady",2010,"Postcensal Population Estimate",154861
36095,"Schoharie",2010,"Postcensal Population Estimate",32686
36097,"Schuyler",2010,"Postcensal Population Estimate",18334
36099,"Seneca",2010,"Postcensal Population Estimate",35266
36101,"Steuben",2010,"Postcensal Population Estimate",99005
36103,"Suffolk",2010,"Postcensal Population Estimate",1494339
36105,"Sullivan",2010,"Postcensal Population Estimate",77476
36107,"Tioga",2010,"Postcensal Population Estimate",51008
36109,"Tompkins",2010,"Postcensal Population Estimate",101740
36111,"Ulster",2010,"Postcensal Population Estimate",182418
36113,"Warren",2010,"Postcensal Population Estimate",65665
36115,"Washington",2010,"Postcensal Population Estimate",63356
36117,"Wayne",2010,"Postcensal Population Estimate",93751
36119,"Westchester",2010,"Postcensal Population Estimate",950601
36121,"Wyoming",2010,"Postcensal Population Estimate",42126
36123,"Yates",2010,"Postcensal Population Estimate",25376
